entry,example_sentence
abide,I decided to abide in this town for a while.
aboard,"The bus fell off the cliff, killing all 10 aboard."
absent,John was absent from school yesterday.
absorb,Plants absorb sunlight to perform photosynthesis.
accent,She speaks English with a foreign accent.
acceptance,Her acceptance of the award was met with applause.
accessible,This airport is easily accessible by bus.
accessory,The shop sells expensive accessories for women.
acclaim,The novel received widespread acclaim for its innovative storytelling.
accommodate,The hotel can accommodate up to 500 guests.
accomplishment,She felt a great sense of accomplishment after completing the marathon.
accordingly,"The weather was bad, so accordingly, we cancelled our picnic."
accountant,The accountant made a misstatement in the financial report.
accumulate,"Over time, he managed to accumulate a vast collection of rare books."
accuracy,The accuracy of this machine is impressive.
accurately,He accurately described what happened there.
accustom,You need to accustom yourself to the new environment.
activate,Please activate your account to start using the app.
actively,She is actively participating in the community service.
actress,The actress received a standing ovation for her performance.
adapter,I need to buy a new adapter for my laptop.
additionally,"Additionally, I would like to add that the project is due next week."
adhere,It is important to adhere to the rules and regulations.
adjacent,The two buildings are adjacent to each other.
administer,The mayor will administer the city for the next four years.
administrative,The administrative procedures in this office are quite complex.
administrator,The administrator of the city has implemented new policies.
admission,The museum offers free admission to students on weekends.
advancement,Technological advancements have greatly improved our lives.
advertiser,The advertiser is promoting their new product through various marketing channels.
advisable,It is advisable to check the weather forecast before planning a picnic.
advisor,My advisor gave me some valuable advice for my future career.
advisory,The government issued an advisory to the public regarding the upcoming storm.
affirmative,She gave an affirmative nod to his proposal.
affordable,This restaurant offers affordable meals for everyone.
afterward,I will clean the house afterward.
airfare,The airfare for our trip to Japan was quite expensive.
airplane,I will take an airplane to travel to Japan next month.
airport,I will pick you up at the airport.
aisle,I found the book I was looking for in the aisle.
alert,The alert soldier spotted the enemy before anyone else.
alike,"Despite their differences, the two paintings are very much alike."
allergy,I have an allergy to peanuts.
allocate,The company will allocate resources to the new project.
alternate,The traffic lights alternate between red and green.
alternatively,"You can take the bus to work, or alternatively, you can ride your bike."
amateur,"Despite being an amateur, he played the piano beautifully."
ambassador,The ambassador is scheduled to meet with the foreign minister tomorrow.
ambitious,He was ambitious of success in business.
amenity,"The hotel offers various amenities such as a swimming pool, gym, and spa."
ample,There is ample space in the garden for a swimming pool.
amuse,The clown's antics never fail to amuse the children.
anew,He started anew after his failed business.
anniversary,Today is our 10th wedding anniversary.
announcer,The announcer at the station informed us about the delay of the train.
annoy,It really annoys me when you don't clean up after yourself.
annually,The conference takes place annually.
antique,This table is a priceless antique.
anyhow,"Anyhow, we must finish this task before the deadline."
anytime,You can call me anytime.
apology,I must make an apology to her.
appendix,The detailed data analysis can be found in the appendix of this report.
appetizer,I ordered a delicious appetizer at the restaurant.
apple,I ate an apple this morning.
appliance,The appliance in my kitchen is very useful.
applicable,This rule is not applicable to our current situation.
applicant,The applicant must submit all necessary documents.
appraisal,The manager gave a positive appraisal to the employee.
appreciation,Your appreciation of the situation is accurate.
apprehensive,She was apprehensive about the results of her medical examination.
apprentice,He is working as an apprentice at a local bakery.
approximate,The approximate time of arrival is around 3 pm.
arc,The rainbow formed a beautiful arc in the sky.
architect,My brother is studying to become an architect.
architectural,The architectural design of the building is both functional and aesthetically pleasing.
archive,I need to organize my files and create an archive.
artistic,The artistic design of the building is truly breathtaking.
asleep,She was so tired that she fell asleep on the couch.
aspect,This new product outperforms the old model in every aspect.
assemble,We need to assemble a team of experts for this project.
assembly,The assembly of the new machine took longer than expected.
assignment,When will your assignment be completed?
assurance,I need your assurance that you will complete the project on time.
athletic,He is very athletic and excels in various sports.
attain,"With hard work and dedication, you can attain your goals."
attendant,The attendant nurse took care of the patient throughout the night.
attendee,There were over 100 attendees at the conference.
attire,The dress code for the event is formal attire.
attorney,My brother is studying to become an attorney.
auction,I won the bid at the auction.
audit,The company hired an external auditor to conduct a thorough audit of its financial statements.
audition,I have an audition for a new TV show next week.
auditor,The auditor reviewed the company's financial statements.
auditorium,The auditorium was filled with an eager audience waiting for the play to start.
authentic,This restaurant serves authentic Italian cuisine.
authority,The mayor has the authority to make decisions for the city.
authorization,"After receiving the proper authorization, she was able to access the restricted area."
authorize,The manager will authorize you to access the confidential files.
auto,I need to get my auto serviced this weekend.
automate,I use a software program to automate repetitive tasks.
automatic,The door opens automatically when you approach it.
automobile,I bought a new automobile yesterday.
automotive,The automotive industry is constantly evolving with new technological advancements.
availability,Please check the availability of the conference room for tomorrow.
await,I will await your reply.
backpack,I always carry my laptop in my backpack.
bacteria,The bacteria in our gut play a crucial role in our overall health.
badge,He proudly wore his badge on his uniform.
baggage,My baggage is missing.
bake,I love to bake cookies during the holiday season.
baker,The baker is preparing fresh bread early in the morning.
bakery,I bought a delicious loaf of bread from the local bakery.
balcony,I enjoy drinking coffee on the balcony in the morning.
balloon,I saw a colorful balloon floating in the sky.
ballroom,The hotel has a beautiful ballroom for dancing.
banker,My uncle is a successful banker.
bankrupt,The company went bankrupt.
bankruptcy,The company had to declare bankruptcy due to financial difficulties.
banquet,The royal banquet was a grand affair with a variety of delicious dishes.
barbecue,Dad was outside barbecuing in the yard.
bargain,I found a great bargain at the flea market.
baseball,He loves playing baseball.
basement,I found an old photo album in the basement.
basket,I put the apples in the basket.
basketball,He loves playing basketball.
bathroom,I need to go to the bathroom.
battery,"The battery in my phone died, so I couldn't make any calls."
bean,I ate a bean for lunch.
beforehand,I had prepared the documents beforehand to avoid any delays.
beginner,"As a beginner, I find it challenging to understand complex concepts."
behalf,I am speaking on behalf of my friend.
bench,I sat on the bench in the park.
beneficial,Regular exercise is beneficial to our health.
beverage,I would like to order a beverage.
bicycle,I bought a new bicycle today.
biography,I am currently reading a fascinating biography of Albert Einstein.
biology,I am studying biology to understand the complexity of life.
birthday,My brother's birthday is on the third of June.
blanket,I need a new blanket for the winter.
blueprint,The architect showed us the blueprint of the new building.
boardroom,The executives gathered in the boardroom to discuss the company's future plans.
bonus,I received a bonus for my hard work.
bookcase,I bought a new bookcase for my study room.
booklet,I found an interesting booklet at the bookstore.
bookstore,I went to the bookstore to buy a new book.
booth,I set up a booth at the local fair to sell my handmade crafts.
born,She was born in a small town.
bound,The train is bound for Tokyo.
bound,She bound the books together with a ribbon.
bound,The dog is bound by a leash.
bound,The hiker reached the bound of the national park.
brainstorm,"During the brainstorming session, she had a temporary mental breakdown."
brake,He stepped on the brake to stop the car.
briefcase,I left my briefcase at the office.
broaden,Traveling can broaden your horizons and expand your perspective.
brochure,I picked up a brochure at the tourist information center.
broker,I hired a broker to help me buy a house.
broom,She swept the floor with a broom.
browse,I like to browse through books at the bookstore.
buffet,I love going to the buffet and trying all the different types of food.
buffet,I love going to the buffet and trying all the different types of food.
bug,I saw a bug crawling on the wall.
bulb,I planted flower bulbs in my garden.
bulk,I bought a bulk package of toilet paper.
bulletin,I read the bulletin every morning to stay updated.
businessman,He is a successful businessman.
businessperson,He is a successful businessperson.
butter,I spread butter on my toast this morning.
bye,Bye for now.
bye,Goodbye! See you later.
cab,I hailed a cab and went to the airport.
cabin,The cabin was built with cedar wood.
cabinet,The president appointed a new cabinet.
cafeteria,I had lunch at the cafeteria.
cage,The bird is happily singing in its cage.
calculation,I need to do some calculation for this project.
calculator,Using a calculator is an expedient way to solve complex math problems.
calendar,I always mark important dates on my calendar.
caller,The caller asked for the manager.
campus,I love walking around the campus and exploring all the different buildings.
cancellation,I received a cancellation notice for my flight.
candidate,He is a strong candidate for the position.
candy,I bought some candy at the store.
captain,The captain of the ship is responsible for the safety of the crew and passengers.
careless,He made a careless mistake.
cargo,The cargo ship arrived at the port.
carpenter,The carpenter built a beautiful wooden table.
carrier,The carrier transported the goods to the warehouse.
cart,I rode a cart to transport the goods.
carton,I need a carton to pack my belongings.
cartridge,I need to replace the ink cartridge in my printer.
cashier,The cashier rang up my groceries.
casual,She is wearing a casual outfit.
cater,The restaurant will cater the event with a variety of delicious dishes.
caterer,The caterer provided delicious food for the wedding reception.
caution,Caution: Wet floor
cautious,She is always cautious when crossing the road.
ceiling,The spider was crawling on the ceiling.
celebrity,"On encountering the celebrity, they asked for his autograph."
cellphone,What's your cellphone number?
centimeter,The length of the pencil is 15 centimeters.
certificate,I received a certificate for completing the course.
certification,She received her certification as a yoga instructor.
certify,The document needs to be certified before it can be submitted.
chairperson,The chairperson called the meeting to order.
charitable,She is known for her charitable acts towards the less fortunate.
checkout,I went to the checkout to pay for my groceries.
checkup,I have a checkup at the doctor's office next week.
cheer,The crowd erupted in cheer when their team scored a goal.
cheeseburger,I ordered a cheeseburger for lunch.
chef,The chef prepared a delicious meal for us.
chemistry,I am studying chemistry at university.
chilly,The weather is chilly today.
chronic,He has been suffering from chronic back pain for years.
cinema,I'm going to the cinema tonight.
circuit,The circuit was designed to optimize energy efficiency.
circulate,The news of the new product circulates quickly among the customers.
circulation,The circulation of blood is essential for maintaining good health.
circus,The children chased after the circus parade.
clap,She gave a clap of thunderous applause.
clarify,Could you please clarify your question?
classify,It is important to classify the different types of animals.
classmate,My classmate is very kind.
cleaner,I hired a cleaner to help me with the housework.
cleanliness,cleanliness is next to godliness
clerk,The clerk helped me find the right size.
click,"If you enjoyed this, please give a click on the vote link!"
client,The lawyer met with the client to discuss the case.
clinic,I have an appointment at the clinic tomorrow.
clip,He wore a tie clip to keep his tie in place.
clip,I need to clip the papers together.
closet,I found a hidden door in the back of my closet.
closure,The closure of the factory resulted in the loss of many jobs.
cloth,I bought a new cloth for my dress.
cloudy,The sky was cloudy today.
clue,I found a clue that led me to the hidden treasure.
collaboration,Collaboration is key to success.
collector,She is an avid collector of vintage stamps.
colorful,The garden is filled with colorful flowers.
comb,This is a wooden comb.
comfortably,She slept comfortably on the soft bed.
commerce,E-commerce has revolutionized the way we shop.
commonly,"Commonly, people prefer to eat healthy food."
commute,I commute to work by train every day.
commuter,I am a commuter and I take the train to work every day.
compact,This compact suitcase can fit all your belongings.
compact,I bought a compact car for easy parking in the city.
compartment,The train compartment was crowded with passengers.
compatible,These two software programs are compatible with each other.
compensate,The company will compensate the employees for their overtime work.
compile,I need to compile all the data before the meeting.
completion,The completion of the project is scheduled for next month.
compliance,Compliance with the rules is mandatory.
complication,Dealing with the complication was challenging.
compliment,Your compliment really made my day.
complimentary,The hotel offers complimentary breakfast to all guests.
comply,It is important to comply with the rules and regulations.
comprehension,Reading comprehension is an important skill for academic success.
concierge,The concierge at the hotel was very helpful in recommending local attractions.
conditioner,I need to buy a new conditioner for my hair.
condominium,I live in a condominium.
conductor,The conductor led the orchestra with great skill.
conference,I attended a conference last week.
confidential,This document contains confidential information.
confirmation,I need confirmation that the package has been delivered.
conform,It is important to conform to the rules and regulations of the company.
congestion,The city is experiencing heavy congestion due to the influx of tourists.
congratulate,I want to congratulate you on your promotion.
congratulation,Congratulations on your promotion!
consecutive,He watched three consecutive movies at the theater.
consent,He consented on the spot.
considerably,The price of the car has increased considerably.
considerate,He is a considerate person who always thinks about others.
consignment,The delivery driver is bringing a consignment of goods.
consistently,She consistently performs well in her exams.
consultation,I need to schedule a consultation with my doctor.
consumption,The consumption of fast food has increased significantly in recent years.
container,I packed my lunch in a container.
contestant,The contestant gave a remarkable performance in the talent show.
continental,The continental breakfast at the hotel was delicious.
contraction,The scientist observed the contraction of the cell membranes under various temperatures.
contractor,The contractor completed the construction project ahead of schedule.
contradict,I cannot contradict the fact that he is a talented musician.
contradiction,There is a contradiction in his statement.
contrary,Their proposition is contrary to ours.
convenience,Convenience is important when choosing a place to live.
convenient,This app is very convenient for managing your schedule.
conveniently,I live conveniently close to the grocery store.
convey,I need to convey an important message to him.
cookbook,I bought a new cookbook to try out some new recipes.
cookie,I bought some cookies for the party.
cooler,I need to buy a new cooler for my computer.
cooperate,We need to cooperate with each other to achieve our goals.
coordinate,I need you to coordinate with the other team members and ensure we complete the project [[on time]].
coordinator,The coordinator ensured that all team members were working together smoothly.
copier,"The copier is broken, so I can't make any copies."
copyright,The copyright of this book belongs to the author.
cord,He tied the cord around the package.
cordless,I bought a cordless vacuum cleaner for easy cleaning.
correction,The teacher made a correction to my homework.
correctly,Please answer the question correctly.
correspondence,I received a correspondence from my boss today.
cosmetic,She bought a new cosmetic bag.
costly,The designer handbag was too costly for me to afford.
costume,She wore a beautiful costume for the Halloween party.
counselor,The counselor provided guidance to the students.
countryside,My cousin lives in the countryside.
coupon,I used a coupon to get a discount on my purchase.
courier,The courier delivered the package to my doorstep.
courtesy,Courtesy is important in any social interaction.
coworker,I have a great coworker who always helps me with my projects.
crane,I saw a crane flying in the sky.
creativity,Creativity is the key to innovation.
criteria,"To be considered for the scholarship, applicants must meet the eligibility criteria."
cruise,I went on a cruise to the Caribbean.
culinary,Many famous chefs from around the world have studied at this small culinary school in France.
cumulative,The cumulative number of COVID-19 cases continues to rise.
cushion,I like to sit on a soft cushion while reading.
customize,You can customize your order to your liking.
daytime,I prefer to work during the daytime.
deadline,I need to submit my report before the deadline.
dealership,I bought my car from a local dealership.
debit,The accountant calculated the company's credits and debits.
deck,I like to relax on the deck and enjoy the sunshine.
decorate,I decorate my house with Christmas lights every year.
decoration,The decoration on the cake was beautiful.
dedication,Her dedication to her work is admirable.
deduct,You can deduct your business expenses from your taxable income.
deduction,The deduction for charitable donations is a great incentive for people to give to worthy causes.
defect,There is a defect in the product.
defective,The company issued a recall for the defective product.
definite,This is the definite answer.
delegate,They were delegates from India to the U.N.
delete,I accidentally deleted all my files.
delicate,She has a delicate touch when playing the piano.
delicious,The cake was delicious.
deluxe,The hotel offers deluxe accommodations with stunning views of the city.
demolish,The old building had become so rundown that it had to be demolished.
dental,I have a dental appointment tomorrow.
dentist,I have an appointment with my dentist tomorrow.
depart,My flight will depart in an hour.
departmental,The company has a departmental structure with different divisions.
departure,I watched my friends' departure as they left for a faraway land.
dependable,He is a dependable friend who I can always rely on.
dependence,I have a strong dependence on coffee to start my day.
descriptive,She gave a descriptive account of the accident.
designate,I will designate you as the team leader.
desirable,It is desirable to have a healthy lifestyle.
desktop,My desktop has gotten cluttered.
desperate,She was desperate to find a job.
dessert,I love to indulge in a delicious dessert after a meal.
destination,What's the destination of this ship?
detach,You can detach the keyboard from the laptop.
deteriorate,The air quality in the city has been deteriorating due to increased pollution.
devastate,"The hurricane devastated the coastal town, leaving behind a trail of destruction."
developer,I am a software developer.
diagnose,The doctor was able to diagnose the patient's illness.
diagnostic,The doctor performed a diagnostic test to determine the cause of the patient's symptoms.
diagram,I drew a diagram to explain the process.
dial,I bought a new watch with an omega symbol on the dial.
diamond,The diamond's brilliancy was breathtaking.
dine,I like to dine at fancy restaurants on special occasions.
diner,I had dinner at a popular diner last night.
diploma,She proudly displayed her diploma on the wall.
directory,I need to create a new directory for the project.
disable,They disable the security system.
disagreement,The disagreement between the union and management could lead to a strike.
disappointment,I felt a deep sense of disappointment when I didn't get the job.
discard,Please discard any expired items.
disconnect,I decided to disconnect from social media for a while.
discontinue,I have decided to discontinue my piano lessons.
discrepancy,There is a discrepancy between the two reports.
disgust,The smell of rotten eggs disgusts me.
dishwasher,The dishwasher in the cafeteria is responsible for washing the dishes.
dislike,I dislike spiders.
dispatch,The company will dispatch a team of experts to handle the situation.
disposal,Proper disposal of waste is important for environmental conservation.
dispose,Please dispose of your trash in the designated bins.
disrupt,The new technology has the potential to disrupt the traditional market.
disruption,The sudden power outage caused a disruption in the city.
dissatisfy,I dissatisfy easily with the quality of the product.
distract,The loud noise distracted me from my work.
distraction,She was trying to ignore the distraction in the room.
distractor,The distractor in the room caught my attention.
distribution,The distribution of goods is an important aspect of the supply chain.
distributor,The distributor is responsible for distributing the products to various stores.
dive,He decided to dive from the cliff into the deep blue sea.
dividend,The company announced a dividend increase for its shareholders.
dock,The ship pulled into the dock to unload its cargo.
documentary,I watched a documentary about the history of photography.
documentation,The documentation for this software is comprehensive and easy to understand.
donate,I decided to donate all my old clothes to the local charity.
donation,I made a donation to the charity organization.
donut,I love eating donuts.
doorman,The doorman greeted us with a warm smile as we entered the hotel.
dose,The doctor prescribed a dose of medication for the patient.
download,You can download the file from the website.
downsize,The company decided to downsize its workforce due to financial difficulties.
downstairs,The meeting room is downstairs.
downtown,I love exploring downtown areas.
downturn,The recent economic downturn has affected many businesses.
drastically,She drastically changed her lifestyle to improve her health.
drawback,One major drawback of living in a big city is the high cost of living.
drawer,I found a key in the drawer.
drill,I need to buy a new drill for my home improvement project.
drought,The drought has caused a severe water shortage in the region.
drum,The drummer is playing the drum.
dull,The lecture was so dull that I fell asleep.
duplicate,Be careful not to duplicate any files when you transfer them to the new folder.
durable,This backpack is made of durable material.
duration,The duration of the movie was two hours.
dynamic,The dynamic performance of the car was impressive.
eager,She is eager to learn new things.
earthquake,The earthquake shook the entire city.
economical,This car is very economical.
economically,She manages her finances economically.
economist,The economist predicted a recession in the next quarter.
economize,I always try to economize by shopping for groceries on sale.
editorial,The editorial in today's newspaper was thought-provoking.
effectiveness,The effectiveness of this new treatment is still being studied.
efficiently,He completed the task efficiently.
electrical,I need to call an electrician to fix the electrical problem in my house.
electrician,The electrician fixed the wiring in my house.
electronically,The documents can be signed electronically.
elegant,She looked elegant in her evening gown.
elephant,The elephant is the largest land animal.
elevate,She used the elevator to elevate to the top floor.
elevator,The elevator is out of order.
eligible,She is eligible for the scholarship.
embassy,I need to go to the embassy to renew my passport.
embed,The workers will embed the steel rods into the concrete.
enclose,Please enclose the documents in the envelope.
energetic,She is always full of energy and enthusiasm.
engagement,The couple announced their engagement last night.
enjoyable,The party was enjoyable.
enroll,Please enroll your name in the register.
enrollment,Enrollment in the UFO Charity Run is [[on a first-come-served basis]].
enthusiasm,She approached her work with great enthusiasm.
enthusiast,She is a photography enthusiast.
enthusiastic,The concert was jam-packed with enthusiastic fans.
enthusiastically,She enthusiastically cheered for her favorite team.
entrepreneur,She is a successful entrepreneur.
environmentally,I try to live environmentally by recycling and conserving energy.
equip,He equipped himself with the necessary tools for the job.
erase,I need to erase this mistake.
escalator,I took the escalator to the second floor.
escort,She hired an escort for the evening.
ethics,Studying ethics helps us understand moral principles and make ethical decisions.
euro,The euro is the official currency of the European Union.
evacuate,The government ordered residents to evacuate [[due to]] the approaching hurricane.
evenly,The cake was evenly divided among the guests.
evident,It is evident that he did it.
excellence,She demonstrated excellence in her work.
exceptional,She has exceptional talent in singing.
excessive,She has an excessive amount of clothes in her closet.
exclusive,This offer is exclusive to our VIP members.
exclusively,She is exclusively focused on her career.
excursion,We went on an excursion to the beach with our classmates.
exemption,He received an exemption from paying taxes.
exit,Please use the exit on the right.
exotic,The restaurant serves exotic dishes from around the world.
expedite,We need to expedite the delivery of the package.
expertise,He has extensive expertise in the field of technology.
expiration,expiration date by 07 DEC 2022
expire,The milk will expire tomorrow.
explanatory,The professor gave an explanatory lecture on the topic.
explorer,The explorer discovered a hidden treasure in the jungle.
extinguisher,Make sure to keep a fire extinguisher in your kitchen.
fabric,She bought a beautiful fabric to make a dress.
facilitate,Technology can facilitate communication between people who are far apart.
factual,The scientist presented factual evidence to support his theory.
faculty,The faculty of this university is highly respected.
familiarity,Familiarity breeds contempt.
familiarize,I need to familiarize myself with the new software.
fare,The fare for the train ride is $10.
farewell,I said farewell to my friends before leaving for college.
fasten,Please fasten your seatbelt before takeoff.
fatigue,I feel a lot of fatigue after working long hours.
faulty,The faulty machine caused the production to stop.
favorable,He received a favorable response from the audience.
fax,I need to send a fax to the office.
feedback,I appreciate your feedback on the project.
ferry,I took the ferry to the island.
finalize,I need to finalize the project by the end of the week.
firefighter,The firefighter bravely entered the burning building to rescue the trapped residents.
firework,I watched a beautiful firework display last night.
fiscal,The government implemented various fiscal policies to stimulate economic growth.
fitness,She exercises moderately to maintain her fitness.
fixture,"The new chandelier became a beautiful fixture in their dining room, enhancing the overall ambiance."
flavor,The ice cream has a unique flavor.
flaw,"Despite his flaw, he is still a great leader."
fleet,The company operates a fleet of trucks for its delivery service.
fleet,The fleet of ships sailed across the ocean at a fast speed.
flexibility,Flexibility is important in adapting to new situations.
flextime,"I have flextime at my job, so I can choose my own working hours."
flour,I need to buy some flour to make bread.
flu,I caught the flu and had to stay home for a week.
fluctuate,The stock prices fluctuate daily.
fluent,She is fluent in French.
flyer,I saw a flyer for a concert in the park.
fog,The fog made it difficult to see the road.
folder,I put the documents in a folder to keep them organized.
footwear,I recently bought a new pair of footwear that is both stylish and comfortable for daily use.
forbid,They forbid smoking in the building.
foreman,The foreman is responsible for overseeing the construction site.
fork,I need a fork to eat my dinner.
formally,He dressed formally for the business meeting.
fortunately,"Fortunately, I found my lost wallet."
forum,I attended a forum on ancient Roman history.
foster,She decided to foster a rescue dog.
founder,The founder of the company started with just a small idea.
founder,The ship foundered due to flooding.
fountain,The fountain in the park is a popular spot for visitors.
franchise,The fast food restaurant is part of a popular franchise.
freelance,I work as a freelance graphic designer.
freight,The freight train arrived at the station on time.
freighter,The freighter carried a load of cargo across the ocean.
frustrate,The constant setbacks frustrate her efforts to succeed.
fry,I love to fry chicken for dinner.
fundraise,They organized a charity event to fundraise for the local hospital.
furnish,They decided to furnish their new apartment with modern furniture.
gallon,I bought a gallon of milk at the grocery store.
garage,I parked my car in the garage.
garbage,The city is filled with garbage.
gardener,The gardener is pruning the bushes in the garden.
garment,She is wearing a beautiful garment.
gasoline,I need to fill up my car with gasoline.
generalization,Generalization is an important concept in computer science.
generator,The generator powered the entire building during the blackout.
generic,This is a generic example sentence.
generous,She is known for her generous nature.
genre,The fantasy genre is known for its imaginative and magical elements.
getaway,I need a getaway from the city.
glove,I put on my glove to keep my hands warm.
goods,He inherited all of his father's goods.
gossip,I heard some juicy gossip about our neighbor.
graduation,I will be attending my graduation ceremony next week.
gram,I bought 500 grams of sugar.
graph,I created a graph to visualize the data.
graphic,The graphic details of the crime scene were too disturbing to look at.
graphics,I studied graphics in college.
grill,The chef cooked an alfonsino on the grill.
grocery,I need to go to the grocery store to buy some food.
guidance,The teacher provided guidance to the students.
gum,I chewed a piece of gum after lunch.
gym,I go to the gym every morning to work out.
gymnasium,I go to the gymnasium every day to work out.
habitual,She has a habitual morning routine.
hacker,The hacker infiltrated the company's database and stole sensitive information.
hallway,I walked down the hallway to get to my classroom.
hamburger,I'm going to have a hamburger for lunch.
handbook,I always keep a handbook in my bag.
handy,This handy tool makes it easy to fix small problems.
hardware,I need to buy some new hardware for my computer.
hardworking,She is a hardworking student.
harmful,Exposure to harmful chemicals can have serious health effects.
hazard,The building was inspected for safety hazards.
hazardous,The chemicals used in this experiment are hazardous.
headache,I have a headache.
headphone,I forgot to bring my headphones to the gym.
headquarter,The company's headquarter is located in New York.
healthcare,I work in the healthcare industry.
healthful,Eating a balanced diet is important for maintaining a healthful lifestyle.
heater,I turned on the heater because it was cold.
helmet,He put on his helmet before heading into battle.
hereby,I hereby declare that I will be running for president.
hesitant,She was hesitant to try the new food.
hesitation,Her hesitation made me doubt her sincerity.
highway,I drove on the highway to get to the city.
hike,I love to hike in the mountains.
hiker,The hiker enjoyed the beautiful scenery during the hike.
hobby,My hobby is playing the guitar.
homeless,She saw a homeless man sleeping on the park bench.
homemade,I love eating homemade cookies.
homeowner,The homeowner is responsible for maintaining the property.
homework,I'll finish my homework and go to bed.
honestly,"Honestly, I don't know what to do."
hospitality,The hotel staff provided excellent hospitality to their guests.
hotline,The phone number of the Fukuoka Suicide Prevention Hotline is 092-592-0780.
hourly,I get paid an hourly wage at my job.
housekeep,I need to hire a housekeeper to help with cleaning and organizing my home.
housekeeper,The housekeeper takes care of all the household chores.
humidity,The humidity in the room was so high that my clothes felt damp.
hungry,The hungry cat was meowing loudly.
hurricane,The hurricane caused widespread destruction along the coast.
hygiene,Maintaining good hygiene is important for overall health.
ice cream,I like to have ice cream after dinner.
icy,The icy road sparkled in the sunlight.
ideally,"Ideally, I would like to travel the world."
identification,Identification is required to enter the building.
illogical,His explanation for his actions was completely illogical.
immigration,Immigration is a hot topic in the current political climate.
impact,The earthquake had a significant impact on the city.
impatient,She became impatient waiting for the bus.
imperative,It is imperative that you finish your homework before tomorrow.
inappropriate,His behavior was inappropriate for a formal event.
inclusive,This organization is committed to creating an inclusive environment for everyone.
incoming,I saw an incoming message on my phone.
incomplete,The report is incomplete.
inconvenience,I apologize for any inconvenience caused.
incur,His reckless behavior could incur serious consequences.
indicator,The traffic light is an indicator for drivers.
indirect,He took an indirect route to avoid traffic.
individually,Each student will be graded individually.
indoor,"I prefer indoor activities, such as reading or painting."
induction,The induction ceremony for new employees will be held next week.
inefficient,The old computer system is inefficient and slows down productivity.
inexpensive,This restaurant offers inexpensive meals.
inexperience,Her inexperience showed when she made several mistakes on her first day of work.
infer,"From the evidence presented, we can infer that she is guilty."
inference,"Upon observing the clues at the crime scene, the detective made a logical inference about the suspect's identity."
inflate,He used a pump to inflate the balloon with air.
influential,She is an influential figure in the fashion industry.
informal,"I'm going to a party tonight, so I'll be dressed informally."
informative,Reading books is an informative activity.
ingredient,Salt is an essential ingredient in cooking.
ink,I need to buy some ink for my printer.
innovative,She is known for her innovative ideas.
inquire,I need to inquire about the availability of the product.
insert,Please insert the key into the lock.
inspect,The mechanic will inspect the car before selling it.
inspection,The inspection of the building revealed several safety violations.
inspector,The inspector examined the crime scene for any evidence.
inspiration,She found inspiration in nature.
installation,The installation of the new software took longer than expected.
institute,He works at a research institute.
instruct,I will instruct you on how to use the new software.
instructor,The instructor taught us how to swim.
insufficient,The amount of food provided was insufficient for the number of guests.
integral,Calculus is an integral part of mathematics.
intently,She listened intently to his every word.
interactive,The interactive game allows players to communicate with each other.
interfere,I don't want to interfere in their personal matters.
intern,I worked as an intern at a tech company last summer.
internationally,He is recognized internationally for his contributions to the field of science.
internet,I use the internet every day to stay connected with friends and family.
internship,I am currently doing an internship at a tech company.
interpreter,The interpreter helped us communicate with the foreign delegates.
interrupt,"I'm sorry to interrupt, but can I ask a question?"
intersection,The intersection was congested with traffic.
intonation,She spoke with a clear intonation.
introductory,This is an introductory course to computer programming.
invaluable,Her advice was invaluable to me.
invention,The invention of the telephone revolutionized communication.
inventory,I need to check the inventory before [[placing the order.]]
invoice,Please send me the invoice including the price and shipping fee.
irregular,He has an irregular work schedule.
irrelevant,The color of the walls is irrelevant to the overall design.
irritate,The answer irritated me.
itinerary,I need to plan my itinerary for the trip.
jam,I spread jam on my toast every morning.
jam,I managed to jam all my clothes into the suitcase.
jazz,She is interested in jazz.
jean,I bought a new pair of jeans.
jet,The jet took off in a hurry.
jewelry,She wore a beautiful piece of jewelry to the party.
jog,She jogged lightly in the park.
journalism,She studied journalism in college and now works as a reporter for a major newspaper.
juice,I love to drink a glass of freshly squeezed juice.
junior,She is a junior employee at the company.
junk,I found some junk in the attic.
keyboard,I love playing the piano. The keyboard is my favorite part.
kilogram,I weighed myself and found out that I am 60 kilograms.
kilometer,I walked five kilometers today.
kit,I bought a new tool kit for my home repairs.
knowledgeable,She is knowledgeable about various topics.
lab,I spent all day in the lab conducting experiments.
ladder,He climbed up the ladder to reach the roof.
lamp,I turned on the lamp to brighten up the room.
landlord,The landlord is responsible for maintaining the property.
lane,I drove down a narrow lane to get to the cottage.
laptop,I bought a new laptop yesterday.
lately,I haven't been feeling well lately.
laundry,I need to do the laundry today.
lawn,The children played on the lawn.
layoff,The company announced a round of layoffs due to financial difficulties.
layout,The layout of the city was carefully planned to maximize efficiency.
leak,There was a leak in the pipe.
lease,Our lease is up in May and I�fd like to move to a new office.
lecturer,The lecturer gave an informative presentation on the topic.
leisure,I enjoy leisure activities such as reading and hiking.
lengthy,The meeting was lengthy and exhausting.
letterhead,The company logo and contact information are printed on the letterhead.
librarian,The librarian helped me find a book.
lifeguard,The lifeguard kept a close watch on the swimmers at the beach.
lifestyle,Having a healthy lifestyle is important for overall well-being.
lifetime,The memories we create last a lifetime.
lighter,I need a lighter to start the campfire.
lightweight,This backpack is lightweight and easy to carry.
likewise,"I enjoy reading, and likewise, my sister loves to read."
liter,I bought a liter of milk at the grocery store.
lobby,I waited in the lobby for my friend to arrive.
locally,I love to support locally owned businesses.
locker,I put my bag in the locker.
logical,Logical reasoning is an important skill in the field of philosophy.
login,Please enter your username and password to login.
logo,The company redesigned its logo to give it a more modern look.
loudly,She spoke loudly to make sure everyone could hear her.
lounge,I like to relax in the lounge and read a book.
loyal,He is a loyal friend who always stands by your side.
loyalty,Loyalty is a virtue that should be cherished.
luggage,I need to pack my luggage for the trip.
luncheon,I had a delicious luncheon with my colleagues.
lunchtime,I usually have a sandwich at lunchtime.
ma'am,"Excuse me, ma'am. Can you help me find the nearest post office?"
machinery,The factory is equipped with state-of-the-art machinery.
malfunction,The computer malfunctioned and crashed.
mall,I went to the mall to buy some new clothes.
managerial,He has excellent managerial skills.
mandatory,Wearing a mask is mandatory in this building.
manual,I prefer manual labor over using machines.
mask,She wore a mask to protect herself from the dust.
massage,I booked a massage for tomorrow.
maximize,We need to maximize our profits in order to grow the business.
meaningful,Reading books is a meaningful activity.
meantime,"In the meantime, I will finish my work."
mechanic,The mechanic fixed my car.
mechanical,He has a mechanical watch.
media,The media plays a crucial role in shaping public opinion.
medication,I need to take my medication every day.
memo,I wrote a memo to remind myself of the important tasks.
memorandum,I need to write a memorandum for the meeting tomorrow.
memorize,I need to memorize all the vocabulary words for the test.
mentor,My mentor has been guiding me throughout my career.
merchandise,The store offers a wide range of merchandise for sale.
merchant,Marco Polo was an Italian merchant and explorer.
merge,The two companies decided to merge in order to expand their market share.
merger,The merger between the two companies was approved by the shareholders.
merit,One of the merits of studying abroad is the opportunity to learn a new language.
messenger,The messenger left for London in secret.
microphone,I need to buy a new microphone for my podcast.
microscope,I used a microscope to examine the cells.
microwave,I heated up my leftovers in the microwave.
midnight,I stayed up until midnight last night.
mild,She has a mild temperament.
mileage,I have accumulated a high mileage on my car.
mineral,Plants require minerals for their growth.
mini,She wore a mini skirt to the party.
minimize,I try to minimize my expenses by budgeting carefully.
misidentify,It is easy to misidentify birds in the distance.
mislead,He tried to mislead me with false information.
misplace,I always misplace my keys and spend hours searching for them.
mister,"Good morning, mister!"
modem,I need to reset the modem.
modification,The modification of the building was necessary to meet safety regulations.
monument,The Statue of Liberty is a famous monument in New York City.
morale,The team's morale was low after losing the game.
mosquito,I got bitten by a mosquito last night.
motorcycle,I rode my motorcycle to work today.
mower,The mower is in the shed.
nail,I need to trim my nails.
nap,I like to take a nap in the afternoon.
nationwide,The nationwide event attracted thousands of participants.
neat,She keeps her room neat and tidy.
necessity,Education is a necessity for personal growth.
necklace,She wore a beautiful necklace to the party.
needy,We should help the needy.
newsletter,I receive a newsletter every week.
newsstand,I bought a magazine at the newsstand.
noisy,The party next door was so noisy that I couldn't concentrate on my work.
nominate,I nominate John for the position of team leader.
nomination,Her nomination for the award was well-deserved.
noon,I always take a walk at noon.
notify,Please notify me about any updates.
nutrition,Proper nutrition is essential for maintaining good health.
o'clock,I will meet you at o'clock
obligate,The contract will obligate you to fulfill certain responsibilities.
oblige,I am obliged to help my friend move to a new apartment.
obtain,I was able to obtain the information I needed.
occupancy,The occupancy rate of the hotel has been steadily increasing.
occupant,The occupant of the house was not home when the fire broke out.
occupation,My father's occupation is a doctor.
occurrence,The occurrence of the event was unexpected.
officially,The company officially announced its new product.
omit,I accidentally omitted a word from the sentence.
ongoing,The construction work is ongoing.
operational,The operational procedures need to be followed strictly.
opt,I will opt for the vegetarian option.
optimistic,She always has an optimistic outlook on life.
optional,An air conditioner is available as an optional extra.
orchestra,The orchestra performed a beautiful symphony.
organizational,The organizational structure of the company is hierarchical.
organizer,She is the organizer of the event.
orientation,Orientation programs are designed to help new employees adapt to their new work environment.
outage,There was a power outage in the city last night.
outdated,This computer is outdated and needs to be replaced.
outdoor,Rugby is an outdoor game.
outfit,She put on a stylish outfit for the party.
outlet,I couldn't find any available outlets to charge my phone.
outlook,The outlook for the economy is uncertain.
outstanding,She is an outstanding student.
oval,The table had an oval shape.
oven,I baked a cake in the oven.
overcharge,The mechanic overcharged me for the repairs.
overcrowd,The classroom was so overcrowded that some students had to stand.
overdue,The bill is overdue and needs to be paid immediately.
overhead,Be careful of the overhead branches.
overlook,I often overlook small details.
overnight,I stayed overnight at my friend's house.
overpay,Most big companies continue to overpay their top executives.
oversee,"As a team leader, it's my job to oversee the project and make sure everything is [[on track]]."
overtime,He put in ten hours of overtime this week.
overview,"Before we get into the details, let me give you a brief overview of the project."
packet,I received a packet in the mail today.
pad,I always keep a pad of paper and a pen in my bag.
painter,The painter created a beautiful landscape.
pamphlet,I picked up a pamphlet about the museum.
pan,I cooked soup in a pan.
pant,"After running the marathon, he was panting heavily."
paperback,I prefer reading paperback books.
paperwork,I need to finish my paperwork before the deadline.
parade,The parade marched through the streets of the city.
paralegal,She works as a paralegal at a law firm.
paraphrase,Can you paraphrase this sentence for me?
parcel,I received a parcel in the mail today.
partial,He only gave a partial explanation of the situation.
partially,She only partially completed the project.
passport,I need to renew my passport before I can travel.
password,What is the password to access the secret room?
pasta,I love eating pasta for dinner.
pastry,I love to eat pastry for breakfast.
patent,He filed a patent for his invention.
patience,Patience is a virtue.
patron,The artist's work would not have been possible without the support of a generous patron.
payable,The invoice is payable within 30 days.
paycheck,I'm eagerly waiting for my paycheck to arrive so that I can pay my rent and bills.
payroll,I need to submit my payroll information by Friday.
pedestrian,The pedestrian crossed the street at the crosswalk.
penalize,The referee decided to penalize the player for his rough tackle.
pepper,I like to sprinkle pepper on my pizza.
performer,The performer captivated the audience with their incredible talent.
periodical,I subscribe to a periodical that is published monthly.
periodically,I go to the gym periodically to stay in shape.
permanently,He decided to permanently move to another country.
personalize,I like to personalize my belongings by adding my initials to them.
pet,My pet is a small dog.
petition,I signed a petition to save the endangered species.
pharmaceutical,The pharmaceutical industry is rapidly growing.
pharmacist,The pharmacist filled the prescription for the patient.
pharmacy,I need to go to the pharmacy to pick up my prescription.
photocopier,"I need to make copies of this document, so I'll use the photocopier."
photocopy,I need to photocopy some documents for the meeting.
photographer,The photographer captured the beautiful sunset.
photography,Photography is a form of art that captures moments and tells stories.
physician,The physician examined the patient thoroughly.
physics,I studied physics in college.
picnic,We had a picnic in the park.
pie,I love eating pie.
pill,I take a pill every morning.
pillow,I like to sleep with a soft pillow.
pizza,I love to eat pizza
placement,The placement of the furniture in the room is important for creating a comfortable space.
planner,I am a planner at a design firm.
plausible,His explanation sounded plausible.
plow,The farmer used a plow to till the soil.
plug,I need to replace the sparking plug in my car.
plumber,I need to call a plumber to fix my leaky faucet.
pole,I saw a bird perched on top of the pole.
pole,
polish,I need to polish my shoes before the party.
polite,He always speaks in a polite manner.
pollute,Burning fossil fuels pollute the air.
poorly,He performed poorly in the exam.
popcorn,I love eating popcorn while watching movies.
popularity,The new movie is gaining popularity among audiences.
portable,This portable speaker is easy to carry around.
portfolio,I am currently working on updating my portfolio.
postage,The postage for this package is $10.
postal,I need to go to the postal office to send this package.
postcard,I sent a postcard to my friend while on vacation.
poster,I have a poster of my favorite band in my room.
postpone,I need to postpone our meeting until next week.
pottery,She learned pottery from a master craftsman.
precede,I always precede my sister in line.
prediction,The weather prediction for tomorrow is rain.
preliminary,She conducted a preliminary study before starting her research.
premium,I got a premium for subscribing to the magazine.
prescribe,Doctors prescribe medication to treat various illnesses.
prescription,I need to get a prescription for my medication.
presenter,The presenter of the TV show is very charismatic.
prestigious,He graduated from a prestigious university.
preview,I will give you a preview of the new movie.
probable,It is probable that it will rain tomorrow.
productive,She is a very productive worker.
productivity,Increasing productivity is essential for the success of any business.
professionally,She handles every situation professionally.
proficiency,She has a high level of proficiency in English.
profitable,Investing in stocks can be profitable if done wisely.
programmer,The programmer is working on a new software project.
prohibit,Smoking is prohibited in this area.
projection,The projection on the wall was clear and vivid.
projector,The projector is set up in the conference room.
prominent,The prominent building stood out among the others.
promotional,He made a promotional video for his business.
promptly,He responded promptly to my email.
proofread,Can you proofread my essay for me?
prospective,She has a prospective job offer.
protective,Wearing a helmet is important for protective purposes.
provider,The provider of the service was very helpful.
publicity,The company used social media for publicity.
publicize,The company hired a marketing agency to publicize their new product.
publish,The author plans to publish a new book next month.
punctual,He is always punctual for meetings.
purchaser,The purchaser bought a new car.
purse,She carried a small purse with her.
purser,The purser is responsible for managing the financial transactions on board the ship.
puzzle,His behavior puzzled me.
quarterly,The company releases its financial reports quarterly.
query,I have a query about the new product.
questionnaire,Please fill out the questionnaire.
quit,I decided to quit my job.
rack,I need to buy a new rack for my kitchen.
railway,I take the railway to work every day.
raincoat,I always carry a raincoat with me when it's raining.
rainfall,The heavy rainfall caused flooding in the city.
rainy,"The sky was a gloomy, rainy day."
ray,The sun's rays warmed my face.
realistic,He has a realistic view of life.
realtor,I contacted a realtor to help me find a new house.
rearrange,I need to rearrange my schedule for next week.
reassure,I reassured my friend that everything would be okay.
rebate,I received a rebate on my purchase.
receipt,I need a receipt for this purchase.
reception,I went to the reception to check in.
receptionist,The receptionist greeted the guests with a warm smile.
recession,The country is experiencing a severe recession.
recipe,I found a great recipe for chocolate chip cookies.
recipient,The recipient of the award was overwhelmed with joy.
reconsider,I think we should reconsider our decision.
recreation,I enjoy outdoor recreation activities such as hiking and camping.
recreational,I enjoy recreational activities such as hiking and playing sports.
recruiter,The recruiter interviewed several candidates for the job.
recruitment,Our company is currently recruiting new employees.
recur,The same issue seems to recur every month.
recycle,I always recycle my plastic bottles.
redecorate,I am planning to redecorate my living room next month.
redesign,The company decided to redesign their website to improve user experience.
referee,The referee blew the whistle to start the game.
referral,I received a referral from my friend for a great restaurant.
refinery,The new refinery in the outskirts of town has created many job opportunities for the locals.
reflexive,She saw herself in the mirror.
refresh,A cup of coffee in the morning can refresh you.
refreshment,I need some refreshment after a long day at work.
refrigerator,I need to buy a new refrigerator for my kitchen.
refund,I would like to request a refund for this product.
refundable,The hotel reservation is refundable if canceled 24 hours in advance.
rehearsal,We had a rehearsal for the play last night.
rehearse,They rehearse the play before the performance.
reimburse,The company will reimburse you for any expenses incurred during the business trip.
reimbursement,I submitted the receipts for reimbursement.
reinforce,Regular exercise can help reinforce your immune system.
relaxation,Yoga is a great way to promote relaxation.
reliability,Reliability is an important factor when choosing a car.
relieve,The doctor prescribed medication to relieve the pain.
relocate,We decided to relocate our office to a larger space.
relocation,I am considering relocation to a different city for better job opportunities.
reluctant,She was reluctant to join the party.
remainder,"I have finished my work, but there is still a remainder of tasks to be completed."
reminder,I set a reminder on my phone to remember to buy groceries.
remodel,I am planning to remodel my kitchen next month.
removal,The removal of the old furniture was a difficult task.
renew,I need to renew my passport before it expires.
renewal,The company is planning a renewal of its website.
renovate,They decided to renovate their house before selling it.
renovation,The renovation of the house took longer than expected.
renown,He gained renown for his exceptional talent.
rental,I need to return my rental car by tomorrow.
renter,The renter signed a lease agreement for the apartment.
reopen,I will reopen the store tomorrow.
repairperson,I asked the repairman for an estimate to fix my television.
repeatedly,He repeatedly asked her to go out with him.
repetition,Repetition is the key to success.
replacement,I need a replacement for my broken phone.
reproduce,Scientists are trying to reproduce the experiment to confirm the results.
reschedule,I need to reschedule our meeting for next week.
resemble,They resemble each other in appearance.
reservation,I made a reservation at the hotel for next week.
residence,I recently moved to a new residence.
residential,I live in a residential area.
resignation,She submitted her resignation letter yesterday.
respondent,The respondent answered all of the survey questions accurately.
restatement,Her recent speech was merely a restatement of her widely publicized views.
restroom,"Excuse me, where is the restroom?"
resume,I need to update my resume before applying for the job.
resume,We�fll resume the meeting at 10:30 tomorrow.
retailer,She works as a retailer in a clothing store.
retreat,They had no alternative but to retreat.
retrieve,The police managed to retrieve the stolen goods.
reunion,I am looking forward to our reunion next month.
reviewer,The reviewer praised the new book for its compelling storyline.
revision,I need to do a revision of my essay before submitting it.
revolutionize,This new technology has the potential to revolutionize the way we communicate.
rewrite,I need to rewrite this paragraph.
rider,The rider gracefully mounted the horse.
rose,I bought a rose for her.
rubber,I need to buy a new rubber for my pencil.
rug,I bought a new rug for my living room.
rumor,There is a rumor going around that she is quitting her job.
runner,The runner crossed the finish line with a new personal record.
safely,He drove safely to his destination.
salad,I ate a salad for lunch.
salesman,The salesman was very knowledgeable and helpful.
salespeople,Salespeople play a crucial role in driving revenue for the company.
salesperson,The salesperson helped me choose the perfect dress.
salon,I'm going to the salon to get a haircut.
sandwich,I love to eat sandwich for lunch.
satellite,The satellite orbits around the main planet.
satisfactory,The service at the restaurant was satisfactory.
sauna,I love going to the sauna after a workout.
scarf,She wrapped a scarf around her neck to keep warm.
scenery,The scenery in this area is breathtaking.
scholarship,I received a scholarship to study abroad.
sculpture,The sculpture in the park is breathtaking.
seafood,"I love eating seafood, especially fish and shellfish."
seaside,I love spending my vacations at the seaside.
seasonal,I love the seasonal changes in nature.
sedan,I drove a sedan to work today.
seeker,She is a seeker of truth.
seldom,I seldom go to the movies.
seller,The seller offered a discount on the product.
semester,I am excited for the new semester to begin.
seminar,I joined a seminar to conduct research under the guidance of my professor.
sender,The sender of the package forgot to include a return address.
separately,They decided to go separately to the party.
serial,I love reading serial novels.
sew,She loves to sew her own clothes.
sewer,The sewer system in the city is in need of repair.
sewer,The sewer system in the city is in need of repair.
sharply,She turned sharply to avoid the oncoming car.
shipment,The shipment arrived at the port on time.
shopper,The shopper bought a new dress.
shortage,There is a shortage of water in the desert.
shorten,I need to shorten this essay.
shortly,The train will arrive shortly.
showroom,I visited the showroom to see the new collection.
shuttle,I took the shuttle to the airport.
sidewalk,I saw a cat walking on the sidewalk.
sightsee,I love to sightsee and explore new places.
signature,He signed the document with his autographic signature.
signify,The ringing of the bell will signify the start of the ceremony.
silently,"She sat silently in the corner, lost in her own thoughts."
similarity,There is some similarity in the way they sing.
simplify,We need to simplify the process.
sincerely,I sincerely apologize for the mistake.
skate,I love to skate at the ice rink.
skateboard,I love riding my skateboard at the skate park.
sketch,I like to sketch landscapes in my free time.
skim,I like to skim through books to get a general idea of the content.
sleepy,I feel sleepy after staying up late last night.
sleeve,She rolled up her sleeves and got to work.
slot,I found a coin in the slot.
smoothly,The car glided smoothly down the road.
snack,I like to have a snack between meals.
snowy,The moon was shining in the snowy night.
soap,I washed my hands with soap.
soar,The eagle soared high in the sky.
soccer,I like to play soccer.
sock,I need to buy a new pair of socks.
sofa,I love to relax on the comfortable sofa in my living room.
solar,Solar energy is a renewable source of power.
someday,"Someday, I want to travel around the world."
sometime,I will meet with my friend sometime next week.
soup,I would like to have a bowl of soup.
spa,I love going to the spa to relax and unwind.
spacious,The living room in my new apartment is spacious.
spam,I received a lot of spam emails today.
specially,I made this cake specially for you.
specialty,Her specialty is baking delicious cakes.
specification,The specification of the product is provided in the user manual.
spectator,The spectator watched the game with excitement.
spill,Be careful not to spill your drink.
spite,"She couldn't understand why he would resort to such spite, sabotaging her project just because she wouldn't go out with him."
spokesperson,The spokesperson for the company made a statement regarding the recent controversy.
spouse,My spouse and I went on a vacation to Hawaii.
spray,By means of a super high-pressure water spray practically all the sediment is removed.
spreadsheet,I use a spreadsheet to organize my expenses.
stack,I saw a stack of hay in the field.
stadium,The football match will be held at the stadium.
staple,Rice is a staple food in many Asian countries.
staple,Rice is a staple food in many Asian countries.
stapler,I need to buy a new stapler for my office.
stationery,I bought some new stationery for school.
statistics,Statistics is an important field of study.
statue,The statue of liberty is a famous landmark in New York.
steadily,She is steadily improving her skills.
steak,I ordered a juicy steak for dinner.
steer,He tried to steer the conversation away from controversial topics.
stereo,I bought a new stereo for my living room.
sticker,I put a sticker on my laptop.
stimulus,The loud music was a stimulus for the crowd to start dancing.
stockbroker,I hired a stockbroker to manage my investments.
stockholder,The stockholder meeting will be held next week.
storeroom,I need to organize the storeroom.
strategic,The company's strategic plan focused on expanding their market share by launching new products and acquiring smaller competitors.
streamline,The new software will streamline our workflow and increase efficiency.
strictly,He follows a strictly vegetarian diet.
stripe,The national flag of the USA is called the Stars and Stripes.
submission,"After weeks of hard work, Sarah finally completed her project and sent it for submission to her supervisor."
subscribe,I subscribe to several magazines.
subscriber,The subscriber canceled their subscription.
subscription,I need to renew my subscription to the magazine.
subsidize,The government decided to subsidize the new renewable energy project.
substantially,The company has grown substantially in the last few years.
subtract,"To solve this math problem, you need to subtract the second number from the first number."
suburb,I live in a quiet suburb.
subway,I took the subway to work.
sue,Sue decided to sue the company for wrongful termination.
suitcase,I packed my clothes in a suitcase for the trip.
suite,I booked a suite at the hotel for our anniversary.
sunny,The sunny day made everyone happy.
sunscreen,Don't forget to apply sunscreen before going outside.
sunshine,The skies were full of sunshine.
superb,The performance was superb.
superior,She is a superior athlete.
supermarket,I went to the supermarket to buy some food.
supervise,I supervise a team of workers.
supervisor,The supervisor is responsible for overseeing the team's work.
surf,I love to surf in the ocean.
suspicious,He gave me a suspicious look.
sweater,I bought a new sweater yesterday.
tablecloth,The tablecloth adds a touch of elegance to the dining table.
tablet,I use my tablet to read books and watch movies.
tactic,He used a clever tactic to win the game.
tag,We used to play games like tag.
tag,I always tag my photos on social media.
tailor,I went to the tailor to get my pants altered.
takeover,The company announced a takeover of its competitor.
taker,risk taker
tasty,This dish is so tasty!
tech,I work in the tech industry.
technician,The technician fixed the broken machine.
teen,She is a talented teen singer.
telecommunication,Telecommunication plays a crucial role in connecting people around the world.
teller,The bank teller helped me withdraw money from my account.
temporarily,I will temporarily stay at my friend's house until I find a new apartment.
tempt,The sunshine tempted people out.
tenant,The landlord is looking for a new tenant for the apartment.
terminal,"Her illness, diagnosed as a rare and terminal form of leukemia, left her with only months to live."
terminate,I will terminate the contract with the supplier.
termination,The termination of the project was announced yesterday.
terrific,The fireworks display was terrific!
textbook,I forgot to bring my textbook to class.
theft,The theft of the valuable painting shocked the art community.
thirsty,I'm thirsty. Can I have some water?
thorough,He conducted a thorough investigation into the matter.
thoroughly,She thoroughly cleaned the house before the guests arrived.
thrill,The roller coaster ride was full of thrill and excitement.
thunderstorm,I was scared when the thunderstorm hit last night.
tidy,She always keeps her room tidy.
tile,I need to buy some new tiles for my bathroom.
timeline,I need to create a timeline for the project.
timely,The timely arrival of the ambulance saved his life.
timer,I set the timer for 10 minutes.
timetable,I need to check the timetable for the train.
toiletry,I packed my toiletries for the trip.
toll,The passing bell tolled solemnly as the funeral procession made its way to the church.
toll,The toll for using the highway was surprisingly high.
tomato,I bought a tomato at the store.
ton,The cargo ship can carry up to 10 tons of goods.
toner,I need to buy a new toner for my printer.
tow,I need a tow truck to move my car.
towel,Can you pass me the towel please?
trademark,The company registered their trademark to protect their brand identity.
traditionally,The festival is traditionally held every year.
trainee,The trainee is learning new skills at the company.
trainer,The trainer helped me improve my fitness level.
transaction,The transaction was completed successfully.
transit,I prefer to use public transit instead of driving.
translation,Translation is the process of converting text from one language to another.
translator,The translator did an excellent job translating the document.
transmission,The transmission of information through the internet is fast and efficient.
transmit,The radio waves transmit information from one device to another.
trash,Please take out the trash.
traveler,The traveler explored the ancient ruins.
tray,She placed the tea cups on the tray.
tremendous,The storm caused tremendous damage to the city.
tropical,I love exploring tropical destinations.
tuition,The tuition for this university is quite expensive.
tuna,I love eating tuna sushi.
tunnel,The train passed through a long tunnel.
turnover,The company's turnover increased by 10% last year.
umbrella,I took my umbrella with me to keep dry.
unattended,The unattended child wandered off in the park.
unauthorized,The unauthorized access to the system was detected and blocked.
unavailable,The product is currently unavailable.
uncomfortable,The chair was so uncomfortable that I couldn't sit for long.
underground,The subway is an underground transportation system.
underline,I used an underline to emphasize an important word in my essay.
underway,The construction of the new building is underway.
unemployed,He has been unemployed for six months.
unexpected,I received an unexpected gift from my friend.
unfamiliar,I am unfamiliar with this place.
unhappy,She felt unhappy after receiving the bad news.
unlimited,The possibilities are unlimited.
unload,The workers unload the cargo from the truck.
unnecessary,Using unnecessary force will only cause more harm.
unpaid,He has several unpaid bills.
unpleasant,The weather today is very unpleasant.
unplug,Don't forget to unplug the appliances before leaving the house.
unreal,She felt like she was living in an unreal world.
unreliable,He is an unreliable person.
unspecified,The future is an unspecified and uncertain journey.
unsure,I feel unsure about my decision.
unused,The old computer is unused and collecting dust in the corner.
unusually,She was unusually quiet today.
upcoming,I am excited about the upcoming concert.
upgrade,I need to upgrade my computer to improve its performance.
upstairs,I went upstairs to get my book.
urgent,This is an urgent matter that needs immediate attention.
urgently,I need your help urgently.
usage,I need help with the usage of this software.
utility,The utility company provides electricity and water to the residents.
vacancy,There is a vacancy in the apartment building.
vacant,There is a vacant seat in the theater.
vacate,The tenant has to vacate the apartment by the end of the month.
vacation,I'm planning to go on vacation to Hawaii.
vacuum,I need to vacuum the living room before guests arrive.
valid,The argument presented in the paper is valid.
validate,It brings into question the validity of Nick Bostrom's Orthogonality Thesis
vanilla,I love the taste of vanilla ice cream.
vase,The vase was filled with beautiful flowers.
vegetarian,I am a vegetarian and I don't eat fish or meat for moral or health reasons.
vend,I need to vend some snacks at the event.
vendor,The vendor sells small items at the market.
venue,The venue for the concert is a large stadium.
verbal,She has excellent verbal skills.
verify,I'm verifying the information to make sure it's accurate.
videoconference,I had a videoconference with my colleagues from different countries.
violate,He was arrested for violating the law.
violation,He was charged with a violation of the law.
violin,She plays the violin beautifully.
visa,I need to apply for a visa to visit Japan.
vitamin,I take a vitamin supplement every morning.
volleyball,I played volleyball with my friends today.
voucher,I received a voucher for a free meal at the restaurant.
waiter,The diner had an efficient waiter.
waitress,The waitress served us the drinks.
waive,The bank manager waived the charge
walkway,The walkway leads from the entrance to the street.
wallet,I always keep my money and cards in my wallet.
ward,I live in the ward.
warehouse,The goods were stored in the warehouse.
warranty,The warranty on this product is valid for one year.
webpage,I created a webpage for my business.
website,I found a great website for learning languages.
weekday,I have a lot of work to do on weekdays.
wellness,I'm focusing on my wellness in order to stay healthy.
whale,The whale is the largest mammal in the ocean.
wheelchair,She uses a wheelchair to get around.
whoever,Whoever wants to join the club can sign up at the front desk.
wildlife,I love exploring the wilderness and observing wildlife.
willingness,Her willingness to help others is truly inspiring.
windy,It's very windy today.
wireless,I love using wireless headphones while working out.
wisely,He wisely invested his money in stocks.
withdrawal,The country announced a complete withdrawal of its troops from the region.
wool,I bought a cozy sweater made of wool.
workbook,I need to buy a new workbook for my language class.
workforce,The company is investing in training programs to develop a skilled workforce.
workplace,I have a meeting at the workplace tomorrow.
workshop,My father spends most of his time in his workshop.
worldwide,The movie became a worldwide sensation.
worthwhile,Visiting the Louvre Museum is a worthwhile experience.
wrinkle,She uses a special cream to reduce the appearance of wrinkles.
wristwatch,I always wear a wristwatch to keep track of time.
yearly,I go on a yearly vacation with my family.
yen,I exchanged my dollars for yen at the bank.
yoga,I practice yoga every morning to relax my mind and body.
zoo,I visited the zoo yesterday and saw many different animals.